{
  "$schema": "https://design-tokens.org/schemas/design-tokens.json",
  "color": {
    "action": {
      "primary": "#008bd2",
      "primaryHover": "#007bb8",
      "primaryActive": "#006a9e",
      "disabled": "#e5e5e5"
    },
    "text": {
      "onPrimary": "#ffffff",
      "disabled": "#a3a3a3",
      "primary": "#171717",
      "secondary": "#404040",
      "muted": "#737373",
      "inverse": "#ffffff"
    },
    "primary": "#008bd2",
    "secondary": "#575656",
    "success": "#22c55e",
    "warning": "#f59e0b",
    "error": "#ef4444",
    "info": "#3b82f6",
    "background": {
      "primary": "#ffffff",
      "secondary": "#fafafa",
      "tertiary": "#f5f5f5"
    }
  },
  "button": {
    "primary": {
      "background": {
        "default": "#008bd2",
        "hover": "#007bb8",
        "active": "#006a9e",
        "disabled": "#e5e5e5"
      },
      "foreground": {
        "default": "#ffffff",
        "disabled": "#a3a3a3"
      },
      "border": {
        "default": "#00000000",
        "focus": "#5cc2f1"
      }
    },
    "secondary": {
      "background": {
        "default": "#00000000",
        "hover": "#e5f5fd",
        "active": "#b8e4f9",
        "disabled": "#00000000"
      },
      "foreground": {
        "default": "#008bd2",
        "hover": "#007bb8",
        "disabled": "#a3a3a3"
      },
      "border": {
        "default": "#008bd2",
        "hover": "#007bb8",
        "disabled": "#d4d4d4",
        "focus": "#5cc2f1"
      }
    },
    "tertiary": {
      "background": {
        "default": "#00000000",
        "hover": "#f5f5f5",
        "active": "#e5e5e5",
        "disabled": "#00000000"
      },
      "foreground": {
        "default": "#008bd2",
        "hover": "#007bb8",
        "disabled": "#a3a3a3"
      },
      "border": {
        "default": "#00000000",
        "focus": "#5cc2f1"
      }
    },
    "size": {
      "small": {
        "paddingX": "12px",
        "paddingY": "6px",
        "fontSize": "14px",
        "minHeight": "32px",
        "iconSize": "16px",
        "gap": "6px"
      },
      "medium": {
        "paddingX": "16px",
        "paddingY": "8px",
        "fontSize": "16px",
        "minHeight": "40px",
        "iconSize": "20px",
        "gap": "8px"
      },
      "large": {
        "paddingX": "24px",
        "paddingY": "12px",
        "fontSize": "18px",
        "minHeight": "48px",
        "iconSize": "20px",
        "gap": "8px"
      }
    },
    "base": {
      "borderRadius": "4px",
      "borderWidth": "2px",
      "fontWeight": 500,
      "transition": "150ms ease-in-out"
    },
    "focus": {
      "outlineWidth": "2px",
      "outlineOffset": "2px",
      "outlineColor": "#5cc2f1"
    },
    "iconOnly": {
      "small": {
        "size": "32px"
      },
      "medium": {
        "size": "44px"
      },
      "large": {
        "size": "48px"
      }
    }
  },
  "card": {
    "gap": "24px",
    "minWidth": "280px",
    "background": "#ffffff",
    "radius": "8px",
    "padding": "24px",
    "border": {
      "width": "1px",
      "color": "#e5e5e5"
    },
    "shadow": {
      "default": "0 1px 2px 0 rgb(0 0 0 / 0.05)",
      "hover": "0 4px 6px -1px rgb(0 0 0 / 0.1), 0 2px 4px -2px rgb(0 0 0 / 0.1)",
      "active": "0 10px 15px -3px rgb(0 0 0 / 0.1), 0 4px 6px -4px rgb(0 0 0 / 0.1)"
    },
    "transition": {
      "duration": "300ms",
      "timing": "ease"
    },
    "hover": {
      "transform": "translateY(-4px)"
    },
    "image": {
      "aspectRatio": "1 / 1",
      "background": "#f5f5f5",
      "objectFit": "cover"
    },
    "title": {
      "fontSize": "18px",
      "fontWeight": 600,
      "color": "#171717"
    },
    "specs": {
      "fontSize": "14px",
      "color": "#404040",
      "lineHeight": "1.5",
      "gap": "4px"
    },
    "cta": {
      "color": "#007bb8",
      "colorHover": "#006a9e",
      "fontWeight": 500
    }
  },
  "hydrophon": {
    "blau": {
      "50": "#e5f5fd",
      "100": "#b8e4f9",
      "200": "#8ad3f5",
      "300": "#5cc2f1",
      "400": "#2eb1ed",
      "500": "#008bd2",
      "600": "#007bb8",
      "700": "#006a9e",
      "800": "#005a84",
      "900": "#00496a"
    },
    "grau": {
      "50": "#f7f7f7",
      "100": "#e8e8e8",
      "200": "#d1d1d1",
      "300": "#b0afaf",
      "400": "#939292",
      "500": "#575656",
      "600": "#4d4c4c",
      "700": "#434242",
      "800": "#393838",
      "900": "#2f2e2e"
    }
  },
  "neutral": {
    "50": "#fafafa",
    "100": "#f5f5f5",
    "200": "#e5e5e5",
    "300": "#d4d4d4",
    "400": "#a3a3a3",
    "500": "#737373",
    "600": "#525252",
    "700": "#404040",
    "800": "#262626",
    "900": "#171717",
    "white": "#ffffff",
    "black": "#000000"
  },
  "productline": {
    "hyhero": {
      "primary": "#f49a36",
      "secondary": "#373643"
    },
    "hyindustry": {
      "primary": "#0e2638"
    },
    "gluy": {
      "primary": "#ffeeb6",
      "secondary": "#88a9c3",
      "tertiary": "#14202e"
    }
  },
  "borderRadius": {
    "none": "0px",
    "sm": "2px",
    "base": "4px",
    "md": "6px",
    "lg": "8px",
    "xl": "12px",
    "2xl": "16px",
    "3xl": "24px",
    "full": "9999px"
  },
  "shadow": {
    "none": "none",
    "sm": "0 1px 2px 0 rgb(0 0 0 / 0.05)",
    "base": "0 1px 3px 0 rgb(0 0 0 / 0.1), 0 1px 2px -1px rgb(0 0 0 / 0.1)",
    "md": "0 4px 6px -1px rgb(0 0 0 / 0.1), 0 2px 4px -2px rgb(0 0 0 / 0.1)",
    "lg": "0 10px 15px -3px rgb(0 0 0 / 0.1), 0 4px 6px -4px rgb(0 0 0 / 0.1)",
    "xl": "0 20px 25px -5px rgb(0 0 0 / 0.1), 0 8px 10px -6px rgb(0 0 0 / 0.1)",
    "2xl": "0 25px 50px -12px rgb(0 0 0 / 0.25)",
    "inner": "inset 0 2px 4px 0 rgb(0 0 0 / 0.05)"
  },
  "elevation": {
    "card": "0 1px 3px 0 rgb(0 0 0 / 0.1), 0 1px 2px -1px rgb(0 0 0 / 0.1)",
    "cardHover": "0 4px 6px -1px rgb(0 0 0 / 0.1), 0 2px 4px -2px rgb(0 0 0 / 0.1)",
    "dropdown": "0 10px 15px -3px rgb(0 0 0 / 0.1), 0 4px 6px -4px rgb(0 0 0 / 0.1)",
    "modal": "0 20px 25px -5px rgb(0 0 0 / 0.1), 0 8px 10px -6px rgb(0 0 0 / 0.1)",
    "tooltip": "0 4px 6px -1px rgb(0 0 0 / 0.1), 0 2px 4px -2px rgb(0 0 0 / 0.1)"
  },
  "modal": {
    "overlay": {
      "background": "#00000080",
      "blur": "4px"
    },
    "content": {
      "background": "#ffffff",
      "borderRadius": "8px",
      "shadow": "0 20px 25px -5px rgb(0 0 0 / 0.1), 0 8px 10px -6px rgb(0 0 0 / 0.1)",
      "padding": {
        "x": "24px",
        "y": "20px"
      }
    },
    "size": {
      "sm": {
        "width": "400px",
        "maxHeight": "80vh"
      },
      "md": {
        "width": "600px",
        "maxHeight": "85vh"
      },
      "lg": {
        "width": "900px",
        "maxHeight": "90vh"
      }
    },
    "header": {
      "paddingBottom": "16px",
      "borderBottom": "1px solid #e5e5e5"
    },
    "title": {
      "fontSize": "24px",
      "fontWeight": 600,
      "color": "#171717"
    },
    "closeButton": {
      "size": "32px",
      "iconSize": "20px",
      "color": "#737373",
      "colorHover": "#404040",
      "backgroundHover": "#f5f5f5",
      "borderRadius": "6px"
    },
    "body": {
      "paddingY": "16px",
      "color": "#404040"
    },
    "footer": {
      "paddingTop": "16px",
      "borderTop": "1px solid #e5e5e5",
      "gap": "12px"
    },
    "animation": {
      "duration": "200ms",
      "timing": "ease-out"
    },
    "zIndex": "1000"
  },
  "spinner": {
    "size": {
      "sm": "16px",
      "md": "24px",
      "lg": "32px",
      "xl": "48px"
    },
    "stroke-width": "2px",
    "color": {
      "primary": "#008bd2",
      "light": "#a3a3a3",
      "on-primary": "#ffffff"
    },
    "track-color": "#e5e5e5",
    "animation": {
      "duration": "750ms",
      "timing": "linear"
    },
    "delay": "200ms"
  },
  "progress": {
    "height": "8px",
    "height-sm": "4px",
    "border-radius": "9999px",
    "track": {
      "background": "#e5e5e5"
    },
    "bar": {
      "background": "#008bd2",
      "success": "#22c55e"
    },
    "indeterminate": {
      "animation-duration": "1.5s"
    },
    "label": {
      "font-size": "14px",
      "color": "#525252",
      "gap": "8px"
    }
  },
  "skeleton": {
    "base-color": "#e5e5e5",
    "highlight-color": "#f5f5f5",
    "border-radius": "6px",
    "animation": {
      "duration": "1.5s",
      "timing": "ease-in-out"
    },
    "line-height": "1.2",
    "spacing": "8px"
  },
  "tooltip": {
    "delay": "300ms",
    "background": "#171717",
    "color": "#ffffff",
    "font-size": "14px",
    "padding": {
      "x": "8px",
      "y": "4px"
    },
    "border-radius": "2px",
    "max-width": "200px",
    "arrow": {
      "size": "6px"
    },
    "offset": "5px",
    "z-index": "1100",
    "animation": {
      "duration": "150ms"
    }
  },
  "toast": {
    "position": {
      "top": "16px",
      "right": "16px"
    },
    "width": "360px",
    "max-width": "calc(100vw - 32px)",
    "padding": {
      "x": "16px",
      "y": "12px"
    },
    "border-radius": "8px",
    "shadow": "0 10px 15px -3px rgb(0 0 0 / 0.1), 0 4px 6px -4px rgb(0 0 0 / 0.1)",
    "gap": "12px",
    "stack-gap": "8px",
    "max-visible": "4",
    "z-index": "1200",
    "duration": {
      "success": "3000ms",
      "info": "4000ms",
      "warning": "5000ms",
      "error": "0ms"
    },
    "animation": {
      "enter-duration": "200ms",
      "exit-duration": "150ms"
    },
    "variant": {
      "success": {
        "background": "#f0fdf4",
        "border": "#bbf7d0",
        "icon-color": "#16a34a",
        "text-color": "#166534"
      },
      "info": {
        "background": "#eff6ff",
        "border": "#bfdbfe",
        "icon-color": "#2563eb",
        "text-color": "#1e40af"
      },
      "warning": {
        "background": "#fffbeb",
        "border": "#fde68a",
        "icon-color": "#d97706",
        "text-color": "#92400e"
      },
      "error": {
        "background": "#fef2f2",
        "border": "#fecaca",
        "icon-color": "#dc2626",
        "text-color": "#991b1b"
      }
    },
    "action": {
      "font-size": "14px",
      "font-weight": 500
    },
    "close-button": {
      "size": "24px",
      "icon-size": "16px"
    }
  },
  "input": {
    "height": {
      "sm": "32px",
      "md": "40px",
      "lg": "48px"
    },
    "padding": {
      "x": {
        "sm": "8px",
        "md": "12px",
        "lg": "16px"
      }
    },
    "font": {
      "size": {
        "sm": "14px",
        "md": "16px",
        "lg": "18px"
      }
    },
    "field": {
      "background": {
        "default": "#ffffff",
        "hover": "#ffffff",
        "focus": "#ffffff",
        "error": "#ffffff",
        "success": "#ffffff",
        "disabled": "#fafafa"
      },
      "border": {
        "default": "#d4d4d4",
        "hover": "#a3a3a3",
        "focus": "#008bd2",
        "error": "#ef4444",
        "success": "#22c55e",
        "disabled": "#e5e5e5"
      },
      "borderWidth": {
        "default": "1px",
        "focus": "2px"
      },
      "text": {
        "default": "#171717",
        "placeholder": "#a3a3a3",
        "disabled": "#525252"
      }
    },
    "focus": {
      "ring": {
        "color": "#b8e4f9",
        "width": "3px"
      },
      "outline": {
        "width": "2px",
        "offset": "0px"
      }
    },
    "label": {
      "color": {
        "default": "#404040",
        "error": "#ef4444"
      },
      "fontSize": "14px",
      "fontWeight": 500,
      "marginBottom": "8px"
    },
    "helper": {
      "color": "#525252",
      "fontSize": "12px",
      "marginTop": "4px"
    },
    "error": {
      "color": "#ef4444",
      "fontSize": "12px",
      "marginTop": "4px"
    },
    "success": {
      "color": "#22c55e"
    },
    "required": {
      "color": "#ef4444",
      "symbol": "*"
    },
    "select": {
      "iconSize": "20px",
      "iconColor": {
        "default": "#525252",
        "disabled": "#a3a3a3"
      }
    },
    "textarea": {
      "minHeight": "120px",
      "resize": "vertical"
    },
    "base": {
      "borderRadius": "4px",
      "transition": "150ms ease-in-out",
      "fontFamily": [
        "Inter",
        "-apple-system",
        "BlinkMacSystemFont",
        "Segoe UI",
        "Roboto",
        "sans-serif"
      ]
    }
  },
  "checkbox": {
    "size": {
      "default": "20px",
      "large": "24px"
    },
    "borderRadius": "4px",
    "borderWidth": "2px",
    "background": {
      "default": "#ffffff",
      "hover": "#ffffff",
      "checked": "#008bd2",
      "checkedHover": "#007bb8",
      "disabled": "#fafafa",
      "checkedDisabled": "#d4d4d4"
    },
    "border": {
      "default": "#d4d4d4",
      "hover": "#a3a3a3",
      "checked": "#008bd2",
      "focus": "#008bd2",
      "error": "#ef4444",
      "disabled": "#e5e5e5"
    },
    "icon": {
      "color": "#ffffff",
      "size": "14px"
    },
    "focus": {
      "outlineWidth": "2px",
      "outlineOffset": "2px",
      "outlineColor": "#5cc2f1"
    },
    "label": {
      "gap": "8px",
      "color": "#404040",
      "colorDisabled": "#a3a3a3"
    }
  },
  "radio": {
    "size": {
      "default": "20px",
      "large": "24px"
    },
    "borderRadius": "50%",
    "borderWidth": "2px",
    "background": {
      "default": "#ffffff",
      "hover": "#ffffff",
      "checked": "#008bd2",
      "checkedHover": "#007bb8",
      "disabled": "#fafafa",
      "checkedDisabled": "#d4d4d4"
    },
    "border": {
      "default": "#d4d4d4",
      "hover": "#a3a3a3",
      "checked": "#008bd2",
      "focus": "#008bd2",
      "error": "#ef4444",
      "disabled": "#e5e5e5"
    },
    "dot": {
      "size": "10px",
      "sizeLarge": "12px",
      "color": "#ffffff"
    },
    "focus": {
      "outlineWidth": "2px",
      "outlineOffset": "2px",
      "outlineColor": "#5cc2f1"
    },
    "label": {
      "gap": "8px",
      "color": "#404040",
      "colorDisabled": "#a3a3a3"
    },
    "group": {
      "gap": "12px",
      "orientation": "vertical"
    }
  },
  "form": {
    "spacing": {
      "labelToInput": "8px",
      "inputToHelper": "4px",
      "fieldToField": "16px",
      "groupToGroup": "24px"
    }
  },
  "icon": {
    "size": {
      "xs": "16px",
      "sm": "20px",
      "md": "24px",
      "lg": "32px",
      "xl": "48px"
    },
    "spacing": {
      "withText": "8px",
      "standalone": "4px"
    },
    "stroke": {
      "weight": "2px",
      "cap": "round",
      "join": "round"
    },
    "grid": {
      "size": "24px",
      "padding": "2px"
    },
    "touchTarget": {
      "minimum": "44px",
      "compact": "32px"
    }
  },
  "navigation": {
    "header": {
      "height": {
        "desktop": "80px",
        "mobile": "64px"
      },
      "background": "#ffffff",
      "borderBottom": {
        "width": "1px",
        "color": "#e5e5e5"
      },
      "zIndex": "100",
      "shadow": "0 1px 2px 0 rgb(0 0 0 / 0.05)",
      "padding": {
        "x": {
          "mobile": "16px",
          "desktop": "24px"
        },
        "y": "0px"
      }
    },
    "link": {
      "color": {
        "default": "#404040",
        "hover": "#171717",
        "active": "#007bb8"
      },
      "fontSize": "16px",
      "fontWeight": {
        "default": 500,
        "active": 600
      },
      "padding": {
        "x": "16px",
        "y": "12px"
      },
      "gap": "24px",
      "transition": "color 150ms ease-in-out"
    },
    "activeIndicator": {
      "color": "#008bd2",
      "height": "2px",
      "position": "bottom"
    },
    "focus": {
      "outline": {
        "color": "#5cc2f1",
        "width": "2px",
        "offset": "2px"
      }
    },
    "drawer": {
      "width": "280px",
      "maxWidth": "80vw",
      "background": "#ffffff",
      "shadow": "0 20px 25px -5px rgb(0 0 0 / 0.1), 0 8px 10px -6px rgb(0 0 0 / 0.1)",
      "backdropColor": "#00000080",
      "zIndex": "1000",
      "transition": {
        "duration": "300ms",
        "easing": "ease-in-out"
      },
      "padding": "24px",
      "link": {
        "padding": {
          "x": "16px",
          "y": "12px"
        },
        "minHeight": "48px",
        "gap": "8px"
      }
    },
    "toggle": {
      "size": "44px",
      "iconSize": "24px",
      "color": {
        "default": "#404040",
        "hover": "#171717"
      },
      "background": {
        "default": "#00000000",
        "hover": "#f5f5f5"
      },
      "borderRadius": "4px"
    }
  },
  "breadcrumb": {
    "fontSize": "14px",
    "gap": "8px",
    "marginY": "16px",
    "separator": {
      "content": "›",
      "color": "#a3a3a3",
      "marginX": "8px"
    },
    "link": {
      "color": "#007bb8",
      "colorHover": "#006a9e",
      "textDecoration": "none",
      "textDecorationHover": "underline"
    },
    "current": {
      "color": "#171717",
      "fontWeight": 500
    }
  },
  "footer": {
    "background": "#f5f5f5",
    "borderTop": {
      "width": "1px",
      "color": "#e5e5e5",
      "style": "solid"
    },
    "paddingY": "48px",
    "paddingX": "24px",
    "maxWidth": "1280px",
    "gap": "32px",
    "heading": {
      "fontSize": "14px",
      "fontWeight": 600,
      "color": "#171717",
      "textTransform": "uppercase",
      "letterSpacing": "0.05em",
      "marginBottom": "16px"
    },
    "link": {
      "color": "#525252",
      "colorHover": "#171717",
      "fontSize": "14px",
      "lineHeight": "2"
    },
    "legal": {
      "fontSize": "12px",
      "color": "#737373",
      "marginTop": "32px",
      "borderTop": {
        "width": "1px",
        "color": "#e5e5e5",
        "style": "solid"
      },
      "paddingTop": "24px"
    }
  },
  "spacing": {
    "0": "0px",
    "1": "4px",
    "2": "8px",
    "3": "12px",
    "4": "16px",
    "5": "20px",
    "6": "24px",
    "7": "28px",
    "8": "32px",
    "9": "36px",
    "10": "40px",
    "11": "44px",
    "12": "48px",
    "14": "56px",
    "16": "64px",
    "20": "80px",
    "24": "96px",
    "28": "112px",
    "32": "128px",
    "0.5": "2px",
    "1.5": "6px",
    "2.5": "10px"
  },
  "grid": {
    "columns": "12",
    "gutters": {
      "mobile": "16px",
      "tablet": "24px",
      "desktop": "32px"
    },
    "margins": {
      "mobile": "16px",
      "tablet": "32px",
      "desktop": "64px"
    },
    "maxWidth": "1280px"
  },
  "breakpoints": {
    "sm": "640px",
    "md": "768px",
    "lg": "1024px",
    "xl": "1280px",
    "2xl": "1536px"
  },
  "container": {
    "sm": "640px",
    "md": "768px",
    "lg": "1024px",
    "xl": "1280px"
  },
  "table": {
    "fontSize": "14px",
    "background": "#ffffff",
    "borderColor": "#e5e5e5",
    "borderRadius": "6px",
    "cell": {
      "paddingY": "12px",
      "paddingX": "16px"
    },
    "header": {
      "background": "#f5f5f5",
      "color": "#171717",
      "fontWeight": 600,
      "borderBottom": {
        "width": "2px",
        "color": "#d4d4d4"
      }
    },
    "row": {
      "default": "#00000000",
      "stripe": "#fafafa",
      "hover": "#e5f5fd",
      "borderBottom": {
        "width": "1px",
        "color": "#e5e5e5"
      }
    },
    "caption": {
      "fontSize": "18px",
      "fontWeight": 600,
      "color": "#171717",
      "padding": "16px",
      "textAlign": "left"
    },
    "responsive": {
      "minWidth": "600px",
      "overflow": "auto"
    }
  },
  "$description": "Hydrophon Design System - Consolidated Design Tokens",
  "$note": "This is the main token file. Individual token categories are defined in separate files (colors.json, typography.json, spacing.json, effects.json) and will be processed together by Style Dictionary.",
  "fontFamily": {
    "sans": [
      "Inter",
      "-apple-system",
      "BlinkMacSystemFont",
      "Segoe UI",
      "Roboto",
      "sans-serif"
    ],
    "mono": [
      "JetBrains Mono",
      "Fira Code",
      "Courier New",
      "monospace"
    ]
  },
  "fontSize": {
    "xs": "12px",
    "sm": "14px",
    "base": "16px",
    "lg": "18px",
    "xl": "20px",
    "2xl": "24px",
    "3xl": "30px",
    "4xl": "36px",
    "5xl": "48px",
    "6xl": "60px"
  },
  "fontWeight": {
    "regular": 400,
    "medium": 500,
    "semibold": 600,
    "bold": 700
  },
  "lineHeight": {
    "tight": 1.25,
    "snug": 1.375,
    "normal": 1.5,
    "relaxed": 1.625,
    "loose": 2
  },
  "letterSpacing": {
    "tighter": "-0.05em",
    "tight": "-0.025em",
    "normal": "0em",
    "wide": "0.025em",
    "wider": "0.05em"
  },
  "typography": {
    "heading": {
      "h1": {
        "fontFamily": [
          "Inter",
          "-apple-system",
          "BlinkMacSystemFont",
          "Segoe UI",
          "Roboto",
          "sans-serif"
        ],
        "fontSize": "48px",
        "fontWeight": 700,
        "lineHeight": 1.25,
        "letterSpacing": "-0.025em"
      },
      "h2": {
        "fontFamily": [
          "Inter",
          "-apple-system",
          "BlinkMacSystemFont",
          "Segoe UI",
          "Roboto",
          "sans-serif"
        ],
        "fontSize": "36px",
        "fontWeight": 700,
        "lineHeight": 1.25,
        "letterSpacing": "-0.025em"
      },
      "h3": {
        "fontFamily": [
          "Inter",
          "-apple-system",
          "BlinkMacSystemFont",
          "Segoe UI",
          "Roboto",
          "sans-serif"
        ],
        "fontSize": "30px",
        "fontWeight": 600,
        "lineHeight": 1.375,
        "letterSpacing": "0em"
      },
      "h4": {
        "fontFamily": [
          "Inter",
          "-apple-system",
          "BlinkMacSystemFont",
          "Segoe UI",
          "Roboto",
          "sans-serif"
        ],
        "fontSize": "24px",
        "fontWeight": 600,
        "lineHeight": 1.375,
        "letterSpacing": "0em"
      },
      "h5": {
        "fontFamily": [
          "Inter",
          "-apple-system",
          "BlinkMacSystemFont",
          "Segoe UI",
          "Roboto",
          "sans-serif"
        ],
        "fontSize": "20px",
        "fontWeight": 500,
        "lineHeight": 1.5,
        "letterSpacing": "0em"
      },
      "h6": {
        "fontFamily": [
          "Inter",
          "-apple-system",
          "BlinkMacSystemFont",
          "Segoe UI",
          "Roboto",
          "sans-serif"
        ],
        "fontSize": "18px",
        "fontWeight": 500,
        "lineHeight": 1.5,
        "letterSpacing": "0em"
      }
    },
    "body": {
      "large": {
        "fontFamily": [
          "Inter",
          "-apple-system",
          "BlinkMacSystemFont",
          "Segoe UI",
          "Roboto",
          "sans-serif"
        ],
        "fontSize": "18px",
        "fontWeight": 400,
        "lineHeight": 1.625,
        "letterSpacing": "0em"
      },
      "base": {
        "fontFamily": [
          "Inter",
          "-apple-system",
          "BlinkMacSystemFont",
          "Segoe UI",
          "Roboto",
          "sans-serif"
        ],
        "fontSize": "16px",
        "fontWeight": 400,
        "lineHeight": 1.5,
        "letterSpacing": "0em"
      },
      "small": {
        "fontFamily": [
          "Inter",
          "-apple-system",
          "BlinkMacSystemFont",
          "Segoe UI",
          "Roboto",
          "sans-serif"
        ],
        "fontSize": "14px",
        "fontWeight": 400,
        "lineHeight": 1.5,
        "letterSpacing": "0em"
      }
    },
    "ui": {
      "button": {
        "fontFamily": [
          "Inter",
          "-apple-system",
          "BlinkMacSystemFont",
          "Segoe UI",
          "Roboto",
          "sans-serif"
        ],
        "fontSize": "14px",
        "fontWeight": 500,
        "lineHeight": 1.5,
        "letterSpacing": "0.025em"
      },
      "label": {
        "fontFamily": [
          "Inter",
          "-apple-system",
          "BlinkMacSystemFont",
          "Segoe UI",
          "Roboto",
          "sans-serif"
        ],
        "fontSize": "14px",
        "fontWeight": 500,
        "lineHeight": 1.5,
        "letterSpacing": "0em"
      },
      "caption": {
        "fontFamily": [
          "Inter",
          "-apple-system",
          "BlinkMacSystemFont",
          "Segoe UI",
          "Roboto",
          "sans-serif"
        ],
        "fontSize": "12px",
        "fontWeight": 400,
        "lineHeight": 1.5,
        "letterSpacing": "0em"
      }
    }
  }
}
